nom,description
nom 1,Exemple pour description 1
nom 2,Exemple pour description 2
nom 3,Exemple pour description 3
nom 4,Exemple pour description 4
nom 5,Exemple pour description 5
nom 6,Exemple pour description 6
nom 7,Exemple pour description 7
nom 8,Exemple pour description 8
nom 9,Exemple pour description 9
nom 10,Exemple pour description 10
nom 11,Exemple pour description 11
nom 12,Exemple pour description 12
nom 13,Exemple pour description 13
nom 14,Exemple pour description 14
nom 15,Exemple pour description 15
nom 16,Exemple pour description 16
nom 17,Exemple pour description 17
nom 18,Exemple pour description 18
nom 19,Exemple pour description 19
nom 20,Exemple pour description 20
